project,row,what,period,url,tile,unit,our_value,clears_headline_rows,clears_rows,value,read_on,read_by,tol_pct,note,resolve
Ether.fi,in_buyback,ETHFI bought Q0 (DEX fills into 0x2f53… + the top-up Safe 0x3fb6…),2026-07,URL not on file — Ether.fi's weekly buyback posts,ETHFI bought in the month (weeks summed),ETHFI,n/a,4,5,,,Jake,10.0,,"Ether.fi publishing its weekly buyback amounts, to set against the DEX fills counted here"
Ether.fi,in_buyback,ETHFI bought Q0 (DEX fills into 0x2f53… + the top-up Safe 0x3fb6…),2026-08,URL not on file — Ether.fi's weekly buyback posts,ETHFI bought in the month (weeks summed),ETHFI,n/a,4,5,,,Jake,10.0,,"Ether.fi publishing its weekly buyback amounts, to set against the DEX fills counted here"
Ether.fi,in_buyback,ETHFI bought Q0 (DEX fills into 0x2f53… + the top-up Safe 0x3fb6…),2026-09,URL not on file — Ether.fi's weekly buyback posts,ETHFI bought in the month (weeks summed),ETHFI,n/a,4,5,,,Jake,10.0,,"Ether.fi publishing its weekly buyback amounts, to set against the DEX fills counted here"
Near,in_buyback,"NEAR into the buyback wallet, Q0 (NearBlocks)",2026-07,NEAR Foundation / NEAR Intents buyback announcements,NEAR bought in the month,NEAR,n/a,4,5,,,Jake,10.0,,record the Foundation's or Intents' announced buyback amounts per month and compare month by month (wNEAR legs are not scanned — expect ours
Near,in_buyback,"NEAR into the buyback wallet, Q0 (NearBlocks)",2026-08,NEAR Foundation / NEAR Intents buyback announcements,NEAR bought in the month,NEAR,n/a,4,5,,,Jake,10.0,,record the Foundation's or Intents' announced buyback amounts per month and compare month by month (wNEAR legs are not scanned — expect ours
Near,in_buyback,"NEAR into the buyback wallet, Q0 (NearBlocks)",2026-09,NEAR Foundation / NEAR Intents buyback announcements,NEAR bought in the month,NEAR,n/a,4,5,,,Jake,10.0,,record the Foundation's or Intents' announced buyback amounts per month and compare month by month (wNEAR legs are not scanned — expect ours
GEODNET,a2_customer_revenue,Customer revenue Q0 ($),2026-07,URL not on file — GEODNET's own monthly revenue reports,revenue in the month ($),USD,n/a,4,4,,,Jake,10.0,,GEODNET's monthly revenue figures (its own reports) recorded as manual references
GEODNET,a2_customer_revenue,Customer revenue Q0 ($),2026-08,URL not on file — GEODNET's own monthly revenue reports,revenue in the month ($),USD,n/a,4,4,,,Jake,10.0,,GEODNET's monthly revenue figures (its own reports) recorded as manual references
GEODNET,a2_customer_revenue,Customer revenue Q0 ($),2026-09,URL not on file — GEODNET's own monthly revenue reports,revenue in the month ($),USD,n/a,4,4,,,Jake,10.0,,GEODNET's monthly revenue figures (its own reports) recorded as manual references
Chainlink,in_locked,LINK staked (both v0.2 pools),,https://staking.chain.link,Total staked (LINK) — Community + Node Operator pools together,LINK,n/a,3,4,,,Jake,2.0,,read staking.chain.link 'Total staked' by hand and record it here as a manual reference
Morpho,in_circ,Circulating supply as the ratios use it (circulating_supply; on-chain status 'not_established'),,URL not on file — Morpho's own stated circulating supply,circulating supply (MORPHO),MORPHO,n/a,3,4,,,Jake,2.0,,read the project's own circulating figure (tokenomics / transparency page) by hand and record it in config.CREDIBILITY as a manual reference
Sky,a4_gross_burn,GROSS BURN Q0 (tokens),2026-07,https://forum.sky.money (monthly settlement posts),"SKY burned in the month (Stage 2, Sky.burn)",SKY,n/a,2,2,,,Jake,10.0,,"Sky's September settlement report: burned SKY, compared month to month"
Sky,a4_gross_burn,GROSS BURN Q0 (tokens),2026-08,https://forum.sky.money (monthly settlement posts),"SKY burned in the month (Stage 2, Sky.burn)",SKY,n/a,2,2,,,Jake,10.0,,"Sky's September settlement report: burned SKY, compared month to month"
Sky,a4_gross_burn,GROSS BURN Q0 (tokens),2026-09,https://forum.sky.money (monthly settlement posts),"SKY burned in the month (Stage 2, Sky.burn)",SKY,n/a,2,2,,,Jake,10.0,,"Sky's September settlement report: burned SKY, compared month to month"
Aethir,in_circ,Circulating supply (Aethir dashboard athCirculatingSupply),,https://docs.aethir.com/aethir-tokenomics/ath-circulating-supply,the October 2026 step of the monthly table,ATH,n/a,1,2,,,Jake,2.0,,read the docs page's October 2026 step by hand and record it; an on-chain count would need Aethir's list of locked/vesting wallets
Pendle,in_emissions,Emissions Q0 (tokens),2026-07,URL not on file — Pendle's own weekly AIM incentive totals,PENDLE emitted in the month (weeks summed),PENDLE,n/a,1,2,,,Jake,10.0,,"Pendle's own reported weekly AIM incentive totals (its dashboard or governance posts), summed over Q0"
Pendle,in_emissions,Emissions Q0 (tokens),2026-08,URL not on file — Pendle's own weekly AIM incentive totals,PENDLE emitted in the month (weeks summed),PENDLE,n/a,1,2,,,Jake,10.0,,"Pendle's own reported weekly AIM incentive totals (its dashboard or governance posts), summed over Q0"
Pendle,in_emissions,Emissions Q0 (tokens),2026-09,URL not on file — Pendle's own weekly AIM incentive totals,PENDLE emitted in the month (weeks summed),PENDLE,n/a,1,2,,,Jake,10.0,,"Pendle's own reported weekly AIM incentive totals (its dashboard or governance posts), summed over Q0"
Aerodrome,a3_protocol_yield,PROTOCOL STAKING YIELD (tokens) — primary: tokens paid to stakers per year ÷ reward-bearing stake (real + virtual); dollars paid are converted at the Q0 average price where no token series exists,,https://aerodrome.finance/vote,average voter APR (the page's vAPR across pools),fraction (0.25 = 25%),n/a,1,1,,,Jake,15.0,,read the average voter APR on aerodrome.finance/vote by hand and record it
Ethereum,a1_tvl,TVL — chain ($) [primary demand metric],,URL not on file,,,n/a,1,1,,,Jake,10.0,,"a paid TVL source, or DefiLlama's per-protocol breakdown summed by hand"
Hyperliquid,a1_tvl,TVL — chain ($) [primary demand metric],,URL not on file,,,n/a,1,1,,,Jake,10.0,,"a paid TVL source, or DefiLlama's per-protocol breakdown summed by hand"
Near,a1_tvl,TVL — chain ($) [primary demand metric],,URL not on file,,,n/a,1,1,,,Jake,10.0,,"a paid TVL source, or DefiLlama's per-protocol breakdown summed by hand"
Near,a1_validator_yield,"VALIDATOR STAKING YIELD (annual) — securing the chain, NOT a protocol revenue share",,URL not on file — NEAR's published staking APR (near.org staking page or a validator explorer),staking APR,fraction,n/a,1,1,,,Jake,15.0,,record NEAR's published staking APR (near.org staking page or a validator explorer) by hand as a manual reference
Near,a3_buyback_locked,Buyback to LOCKED supply (destination = hold) — reduces effective float,,"https://nearblocks.io/address/buybacks.multisignature.near (+ fefundsadmin.sputnik-dao.near, 1csfundsadmin.sputnik-dao.near)","Balance (NEAR), the three wallets summed",NEAR,n/a,1,1,,,Jake,2.0,,read the three wallets on nearblocks.io by hand and record them
Plume,a1_tvl,TVL — chain ($) [primary demand metric],,URL not on file,,,n/a,1,1,,,Jake,10.0,,"a paid TVL source, or DefiLlama's per-protocol breakdown summed by hand"
Sky,a3_protocol_yield,PROTOCOL STAKING YIELD (tokens) — primary: tokens paid to stakers per year ÷ reward-bearing stake (real + virtual); dollars paid are converted at the Q0 average price where no token series exists,,https://sky.money (page not pinned),SKY staking rewards rate,fraction,n/a,1,1,,,Jake,15.0,,read the SKY staking rewards rate on sky.money by hand and record it
Aerodrome,in_locked,veAERO locked supply (veAERO.supply()),,https://aerodrome.finance/vote,total locked veAERO,AERO,n/a,0,1,,,Jake,2.0,,"DefiLlama's Aerodrome 'staking' TVL / price, or the vote page's total locked, by hand"
Aerodrome,in_revenue,Revenue Q0 (DefiLlama),,URL not on file,,,n/a,0,1,,,Jake,10.0,,the protocol's own reported revenue (dashboard / reports) by hand
Chainlink,in_revenue,Revenue Q0 (DefiLlama),,URL not on file,,,n/a,0,1,,,Jake,10.0,,the protocol's own reported revenue (dashboard / reports) by hand
Ether.fi,in_locked,Locked / staked tokens,,URL not on file — the protocol's own staking page,total staked,tokens,n/a,0,1,,,Jake,2.0,,read 'total staked' on the protocol's staking page by hand and record it
Ether.fi,in_revenue,Revenue Q0 (DefiLlama),,URL not on file,,,n/a,0,1,,,Jake,10.0,,the protocol's own reported revenue (dashboard / reports) by hand
Fluid,in_revenue,Revenue Q0 (DefiLlama),,URL not on file,,,n/a,0,1,,,Jake,10.0,,the protocol's own reported revenue (dashboard / reports) by hand
GEODNET,in_revenue,Revenue Q0 (DefiLlama),,URL not on file,,,n/a,0,1,,,Jake,10.0,,the protocol's own reported revenue (dashboard / reports) by hand
Hyperliquid,in_locked,Locked / staked tokens,,URL not on file — the protocol's own staking page,total staked,tokens,n/a,0,1,,,Jake,2.0,,read 'total staked' on the protocol's staking page by hand and record it
Maple,in_locked,Locked / staked tokens,,URL not on file — the protocol's own staking page,total staked,tokens,n/a,0,1,,,Jake,2.0,,read 'total staked' on the protocol's staking page by hand and record it
Near,in_locked,Locked / staked tokens,,URL not on file — the protocol's own staking page,total staked,tokens,n/a,0,1,,,Jake,2.0,,read 'total staked' on the protocol's staking page by hand and record it
Near,in_revenue,Revenue Q0 (DefiLlama),,URL not on file,,,n/a,0,1,,,Jake,10.0,,the protocol's own reported revenue (dashboard / reports) by hand
Pendle,in_revenue,Revenue Q0 (DefiLlama),,URL not on file,,,n/a,0,1,,,Jake,10.0,,the protocol's own reported revenue (dashboard / reports) by hand
Plume,in_circ,Circulating supply as the ratios use it (circulating_supply; on-chain status 'not_established'),,URL not on file — the project's own tokenomics / transparency page,circulating supply,tokens,n/a,0,1,,,Jake,2.0,,read the project's own circulating figure (tokenomics / transparency page) by hand and record it in config.CREDIBILITY as a manual reference
Sky,in_buyback,SKY bought Q0 (flapper Exec),2026-07,https://forum.sky.money (monthly settlement posts),SKY bought in the month,SKY,n/a,0,1,,,Jake,10.0,,record Sky's own monthly buyback amounts (forum.sky.money settlement posts) and compare month by month
Sky,in_buyback,SKY bought Q0 (flapper Exec),2026-08,https://forum.sky.money (monthly settlement posts),SKY bought in the month,SKY,n/a,0,1,,,Jake,10.0,,record Sky's own monthly buyback amounts (forum.sky.money settlement posts) and compare month by month
Sky,in_buyback,SKY bought Q0 (flapper Exec),2026-09,https://forum.sky.money (monthly settlement posts),SKY bought in the month,SKY,n/a,0,1,,,Jake,10.0,,record Sky's own monthly buyback amounts (forum.sky.money settlement posts) and compare month by month
Sky,in_locked,Locked / staked tokens,,URL not on file — the protocol's own staking page,total staked,tokens,n/a,0,1,,,Jake,2.0,,read 'total staked' on the protocol's staking page by hand and record it
Sky,in_revenue,Revenue Q0 (DefiLlama),,URL not on file,,,n/a,0,1,,,Jake,10.0,,the protocol's own reported revenue (dashboard / reports) by hand
